date,fund,company,ticker,cusip,shares,market value ($),weight (%)
10/09/2026,IZRL,RISKIFIED LTD-A,RSKD,M8216R109,"421,877","$3,391,891.08",2.60%
10/09/2026,IZRL,SILICOM LTD,SILC,M84116108,"55,022","$3,127,450.48",2.40%
10/09/2026,IZRL,WIX.COM LTD,WIX,M98068105,"41,078","$3,045,112.14",2.33%
10/09/2026,IZRL,TEVA PHARMACEUTICAL IND LTD,TEVJF,M8769Q102,"68,295","$2,680,578.75",2.05%
10/09/2026,IZRL,GOLDMAN FS TRSY OBLIG INST 468,,X9USDGSFT,"2,617,746","$2,617,745.86",2.01%
10/09/2026,IZRL,SIMILARWEB LTD,SMWB,M84137104,"307,891","$2,595,521.13",1.99%
10/09/2026,IZRL,ALPHA TAU MEDICAL LTD,DRTS,M0740A108,"184,377","$2,581,278.00",1.98%
10/09/2026,IZRL,ODDITY TECH LTD-CL A,ODD,M7518J104,"132,485","$2,590,081.75",1.98%
10/09/2026,IZRL,AUDIOCODES LTD,AUDC,M15342104,"224,791","$2,544,634.12",1.95%
10/09/2026,IZRL,NICE LTD - SPON ADR,NICE,653656108,"21,536","$2,526,388.16",1.94%
10/09/2026,IZRL,MATRIX IT LTD,MTRX,6747754,"76,131","$2,477,015.06",1.90%
10/09/2026,IZRL,JFROG LTD,FROG,M6191J100,"25,182","$2,448,949.50",1.88%
10/09/2026,IZRL,MONDAY.COM LTD,MNDY,M7S64H106,"27,267","$2,424,308.97",1.86%
10/09/2026,IZRL,P.C.B TECHNOLOGIES LTD,PCBT,B054MX3,"541,570","$2,423,555.14",1.86%
10/09/2026,IZRL,PAGAYA TECHNOLOGIES LTD -A,PGY,BQ5J6B6,"123,942","$2,263,180.92",1.73%
10/09/2026,IZRL,CELLCOM ISRAEL LTD,CEL,B23WQK8,"198,244","$2,244,735.65",1.72%
10/09/2026,IZRL,BEZEQ THE ISRAELI TELECOM CO,BEZQ,6098032,"911,628","$2,231,720.33",1.71%
10/09/2026,IZRL,CAMTEK LTD,CAMT,M20791105,"14,844","$2,234,022.00",1.71%
10/09/2026,IZRL,VALENS SEMICONDUCTOR LTD,VLN,M9607U115,"1,251,107","$2,201,948.32",1.69%
10/09/2026,IZRL,HILAN LTD,HLAN,6267230,"29,748","$2,176,978.96",1.67%
10/09/2026,IZRL,CHECK POINT SOFTWARE TECH,CHKP,M22465104,"16,112","$2,170,930.88",1.66%
10/09/2026,IZRL,ONE SOFTWARE TECHNOLOGIES LT,ONE,6987709,"100,590","$2,152,228.39",1.65%
10/09/2026,IZRL,COGNYTE SOFTWARE LTD,CGNT,M25133105,"244,586","$2,135,235.78",1.64%
10/09/2026,IZRL,RADWARE LTD,RDWR,M81873107,"72,865","$2,141,502.35",1.64%
10/09/2026,IZRL,STRATASYS LTD,SSYS,M85548101,"263,217","$2,118,896.85",1.62%
10/09/2026,IZRL,TELSYS LTD,TLSY,6878977,"18,834","$2,120,911.33",1.62%
10/09/2026,IZRL,ALLOT LTD,ALLT,B5MN8M9,"259,103","$2,098,263.65",1.61%
10/09/2026,IZRL,ISROTEL LTD,ISRO,6468226,"50,535","$2,098,167.87",1.61%
10/09/2026,IZRL,TOWER SEMICONDUCTOR LTD,TSEM,M87915274,"9,196","$2,103,585.00",1.61%
10/09/2026,IZRL,ISSTA LTD,ISTA,6458744,"74,097","$2,045,397.90",1.57%
10/09/2026,IZRL,ITURAN LOCATION AND CONTROL,ITRN,M6158M104,"39,397","$2,039,976.66",1.56%
10/09/2026,IZRL,UROGEN PHARMA LTD,URGN UQ,M96088105,"54,250","$2,006,165.00",1.54%
10/09/2026,IZRL,DANEL (ADIR YEOSHUA) LTD,DANE,6253433,"14,562","$1,996,324.65",1.53%
10/09/2026,IZRL,PARTNER COMMUNICATIONS CO,PTNR,6374420,"171,916","$1,993,757.60",1.53%
10/09/2026,IZRL,SOL-GEL TECHNOLOGIES LTD,SLGL,M8694L103,"28,148","$1,979,930.32",1.52%
10/09/2026,IZRL,AMAL HOLDINGS,AMAL,BV6MJF4,"382,908","$1,974,751.16",1.51%
10/09/2026,IZRL,PERION NETWORK LTD,PERI,M78673114,"225,335","$1,969,427.90",1.51%
10/09/2026,IZRL,ELBIT SYSTEMS LTD,ESLT,6308913,"2,912","$1,955,178.95",1.50%
10/09/2026,IZRL,INMODE LTD,INMD,M5425M103,"139,148","$1,959,203.84",1.50%
10/09/2026,IZRL,NEXXEN INTERNATIONAL LTD,NEXN,M8T80P204,"210,004","$1,902,636.24",1.46%
10/09/2026,IZRL,FATTAL HOLDINGS 1998 LTD,FTAL,BG1YKN5,"9,471","$1,887,924.44",1.45%
10/09/2026,IZRL,COMPUGEN LTD,CGEN,6432403,"887,867","$1,877,659.10",1.44%
10/09/2026,IZRL,AFCON HOLDINGS LTD,AFHL,6335825,"11,233","$1,827,404.31",1.40%
10/09/2026,IZRL,GILAT SATELLITE NETWORKS LTD,GILT,M51474118,"196,785","$1,834,036.20",1.40%
10/09/2026,IZRL,MEDIWOUND LTD,MDWD UQ,M68830112,"146,717","$1,822,225.14",1.40%
10/09/2026,IZRL,BET SHEMESH ENGINES HOLDINGS,BSEN,6103936,"7,492","$1,791,046.89",1.37%
10/09/2026,IZRL,RP OPTICAL LAB LTD,RPOL,BRQQ0K0,"159,460","$1,776,953.76",1.36%
10/09/2026,IZRL,MOBILEYE GLOBAL INC-A,MBLY,60741F104,"243,997","$1,722,618.82",1.32%
10/09/2026,IZRL,TAT TECHNOLOGIES LTD,TATTF,B0H5D20,"51,337","$1,690,762.10",1.30%
10/09/2026,IZRL,BRAINSWAY LTD-ADR,BWAY,10501L106,"146,850","$1,684,369.50",1.29%
10/09/2026,IZRL,NOVA LTD,NVMI,M7516K103,"4,628","$1,641,042.52",1.26%
10/09/2026,IZRL,RADCOM LTD,RDCM,M81865111,"159,788","$1,639,424.88",1.26%
10/09/2026,IZRL,FIVERR INTERNATIONAL LTD,FVRR,M4R82T106,"184,562","$1,594,615.68",1.22%
10/09/2026,IZRL,CELLEBRITE DI LTD,CLBT,M2197Q107,"139,021","$1,576,498.14",1.21%
10/09/2026,IZRL,NAYAX LTD,NYAX,BMXT7N9,"33,575","$1,535,376.92",1.18%
10/09/2026,IZRL,ASHOT -ASHKELON INDUSTRIES,ASHO,6051875,"77,982","$1,491,092.51",1.14%
10/09/2026,IZRL,SOFWAVE MEDICAL LTD,SOFW,BNNFCW8,"144,844","$1,479,809.12",1.13%
10/09/2026,IZRL,ETORO GROUP LTD-A,ETOR,G32089107,"57,689","$1,457,224.14",1.12%
10/09/2026,IZRL,SMART SHOOTER LTD,SMSH,BW5TWW1,"243,525","$1,418,870.06",1.09%
10/09/2026,IZRL,TABOOLA.COM LTD,TBLA,M8744T106,"397,003","$1,393,480.53",1.07%
10/09/2026,IZRL,QUALITAU LTD,QLTU,6221689,"12,912","$1,309,048.75",1.00%
10/09/2026,IZRL,TSG ADVANCED IT SYSTEMS LTD,TSG,BSWT6L3,"15,462","$1,307,152.58",1.00%
10/09/2026,IZRL,PLAYTIKA HOLDING CORP,PLTK,72815L107,"528,629","$1,215,846.70",0.93%
10/09/2026,IZRL,ARYT INDUSTRIES LTD,ARYT,6049740,"245,140","$1,072,209.95",0.82%
10/09/2026,IZRL,SAVERONE 2014 LTD -ADR,SVRE,80516T600,"596,213","$703,531.34",0.54%
10/09/2026,IZRL,MALAM-TEAM HOLDING LTD,MLTH,6047636,1,$29.43,0.00%
"Investors should carefully consider the investment objectives and risks as well as charges and expenses of an ARK ETF before investing. This and other information are contained in the ARK ETFs' prospectuses, which may be obtained on ark-funds.com. The prospectus should be read carefully before investing. An investment in an ARK ETF is subject to risks and you can lose money on your investment in an ARK ETF. There can be no assurance that the ARK ETFs will achieve their investment objectives. The ARK ETFs’ portfolios are more volatile than broad market averages. The ARK ETFs also have specific risks, which are described in the ARK ETFs' prospectuses.Shares of the ARK ETFs may be bought or sold throughout the day at their market price on the exchange on which they are listed. The market price of an ARK ETF's shares may be at, above or below the ARK ETF’s net asset value (""NAV"") and will fluctuate with changes in the NAV as well as supply and demand in the market for the shares. The market price of ARK ETF shares may differ significantly from their NAV during periods of market volatility. Shares of the ARK ETFs may only be redeemed directly with the ARK ETFs at NAV by Authorized Participants, in very large creation units. There can be no guarantee that an active trading market for ARK ETF shares will develop or be maintained, or that their listing will continue or remain unchanged. Buying or selling ARK ETF shares on an exchange may require the payment of brokerage commissions and frequent trading may incur brokerage costs that detract significantly from investment returns. Not FDIC Insured – No Bank Guarantee – May Lose ValueAll statements made regarding companies, securities or other financial information are strictly beliefs and points of view held by ARK Investment Management LLC and/or ARK ETF Trust and are not endorsements by ARK of any company or security or recommendations by ARK to buy, sell or hold any security. Holdings are subject to change without notice.Foreside Fund Services, LLC, distributor.© 2026. ARK ETF Trust. No part of this material may be reproduced in any form, or referred to in any other publication, without written permission."