date,fund,company,ticker,cusip,weight,shares_held,market_value
2026-04-29,ARKT,ARK INNOVATION ETF,ARKK,00214Q104,93.00,34447,2599026.15
2026-04-29,ARKT,4ARKK US 9/30/26 P 86.30,,T26P08630,8.84,171,246954.78
2026-04-29,ARKT,4ARKK US 9/30/26 C 90.62,,T26C09062,2.40,222,67032.90
2026-04-29,ARKT,GOLDMAN FS TRSY OBLIG INST 468,,X9USDGSFT,0.85,23696,23696.30
2026-04-29,ARKT,4ARKK US 9/30/26 C 86.30,,T26C08630,-5.08,-346,-141991.48
2026-04-30,ARKT,ARK INNOVATION ETF,ARKK,00214Q104,92.06,34447,2532887.91
2026-04-30,ARKT,4ARKK US 9/30/26 P 86.30,,T26P08630,9.47,171,260607.42
2026-04-30,ARKT,4ARKK US 9/30/26 C 90.62,,T26C09062,2.11,222,58037.46
2026-04-30,ARKT,GOLDMAN FS TRSY OBLIG INST 468,,X9USDGSFT,0.86,23696,23696.30
2026-04-30,ARKT,4ARKK US 9/30/26 C 86.30,,T26C08630,-4.50,-346,-123743.44
2026-05-01,ARKT,ARK INNOVATION ETF,ARKK,00214Q104,92.98,34447,2612460.48
2026-05-01,ARKT,4ARKK US 9/30/26 P 86.30,,T26P08630,8.75,171,245961.27
2026-05-01,ARKT,4ARKK US 9/30/26 C 90.62,,T26C09062,2.27,222,63767.28
2026-05-01,ARKT,GOLDMAN FS TRSY OBLIG INST 468,,X9USDGSFT,0.84,23696,23696.30
2026-05-01,ARKT,4ARKK US 9/30/26 C 86.30,,T26C08630,-4.85,-346,-136161.38
2026-05-04,ARKT,ARK INNOVATION ETF,ARKK,00214Q104,94.13,28695,2207219.40
2026-05-04,ARKT,4ARKK US 9/30/26 P 86.30,,T26P08630,7.87,142,184600.00
2026-05-04,ARKT,4ARKK US 9/30/26 C 90.62,,T26C09062,2.41,185,56610.00
2026-05-04,ARKT,GOLDMAN FS TRSY OBLIG INST 468,,X9USDGSFT,1.01,23696,23696.30
2026-05-04,ARKT,4ARKK US 9/30/26 C 86.30,,T26C08630,-5.42,-287,-127141.00
2026-05-06,ARKT,ARK INNOVATION ETF,ARKK,00214Q104,83.82,28695,2197463.10
2026-05-06,ARKT,GOLDMAN FS TRSY OBLIG INST 468,,X9USDGSFT,11.56,303119,303118.96
2026-05-06,ARKT,4ARKK US 9/30/26 P 86.30,,T26P08630,7.09,142,185845.34
2026-05-06,ARKT,4ARKK US 9/30/26 C 90.62,,T26C09062,2.23,185,58487.75
2026-05-06,ARKT,4ARKK US 9/30/26 C 86.30,,T26C08630,-4.70,-287,-123134.48
2026-05-07,ARKT,ARK INNOVATION ETF,ARKK,00214Q104,85.22,28695,2283548.10
2026-05-07,ARKT,GOLDMAN FS TRSY OBLIG INST 468,,X9USDGSFT,11.31,303119,303118.96
2026-05-07,ARKT,4ARKK US 9/30/26 P 86.30,,T26P08630,6.38,142,171048.94
2026-05-07,ARKT,4ARKK US 9/30/26 C 90.62,,T26C09062,2.60,185,69709.85
2026-05-07,ARKT,4ARKK US 9/30/26 C 86.30,,T26C08630,-5.52,-287,-147879.62
2026-05-08,ARKT,ARK INNOVATION ETF,ARKK,00214Q104,84.68,28695,2236201.35
2026-05-08,ARKT,GOLDMAN FS TRSY OBLIG INST 468,,X9USDGSFT,11.48,303119,303118.96
2026-05-08,ARKT,4ARKK US 9/30/26 P 86.30,,T26P08630,6.57,142,173620.56
2026-05-08,ARKT,4ARKK US 9/30/26 C 90.62,,T26C09062,2.46,185,64935.00
2026-05-08,ARKT,4ARKK US 9/30/26 C 86.30,,T26C08630,-5.20,-287,-137220.44
2026-05-11,ARKT,ARK INNOVATION ETF,ARKK,00214Q104,85.10,28695,2270348.40
2026-05-11,ARKT,GOLDMAN FS TRSY OBLIG INST 468,,X9USDGSFT,11.35,302697,302697.42
2026-05-11,ARKT,4ARKK US 9/30/26 P 86.30,,T26P08630,6.34,142,169154.66
2026-05-11,ARKT,4ARKK US 9/30/26 C 90.62,,T26C09062,2.45,185,65484.45
2026-05-11,ARKT,4ARKK US 9/30/26 C 86.30,,T26C08630,-5.24,-287,-139766.13
2026-05-12,ARKT,ARK INNOVATION ETF,ARKK,00214Q104,85.66,28695,2296460.85
2026-05-12,ARKT,GOLDMAN FS TRSY OBLIG INST 468,,X9USDGSFT,11.29,302697,302697.42
2026-05-12,ARKT,4ARKK US 9/30/26 P 86.30,,T26P08630,6.03,142,161627.24
2026-05-12,ARKT,4ARKK US 9/30/26 C 90.62,,T26C09062,2.70,185,72353.50
2026-05-12,ARKT,4ARKK US 9/30/26 C 86.30,,T26C08630,-5.68,-287,-152158.79
2026-05-13,ARKT,ARK INNOVATION ETF,ARKK,00214Q104,84.76,28695,2244235.95
2026-05-13,ARKT,GOLDMAN FS TRSY OBLIG INST 468,,X9USDGSFT,11.43,302697,302697.42
2026-05-13,ARKT,4ARKK US 9/30/26 P 86.30,,T26P08630,6.55,142,173330.88
2026-05-13,ARKT,4ARKK US 9/30/26 C 90.62,,T26C09062,2.47,185,65369.75
2026-05-13,ARKT,4ARKK US 9/30/26 C 86.30,,T26C08630,-5.20,-287,-137811.66
2026-05-14,ARKT,ARK INNOVATION ETF,ARKK,00214Q104,84.51,28695,2239644.75
2026-05-14,ARKT,GOLDMAN FS TRSY OBLIG INST 468,,X9USDGSFT,11.42,302697,302697.42
2026-05-14,ARKT,4ARKK US 9/30/26 P 86.30,,T26P08630,6.68,142,177059.80
2026-05-14,ARKT,4ARKK US 9/30/26 C 90.62,,T26C09062,2.36,185,62541.10
2026-05-14,ARKT,4ARKK US 9/30/26 C 86.30,,T26C08630,-4.97,-287,-131810.49
2026-05-15,ARKT,ARK INNOVATION ETF,ARKK,00214Q104,84.50,28695,2238210.00
2026-05-15,ARKT,GOLDMAN FS TRSY OBLIG INST 468,,X9USDGSFT,11.43,302697,302697.42
2026-05-15,ARKT,4ARKK US 9/30/26 P 86.30,,T26P08630,6.71,142,177745.66
2026-05-15,ARKT,4ARKK US 9/30/26 C 90.62,,T26C09062,2.38,185,62983.25
2026-05-15,ARKT,4ARKK US 9/30/26 C 86.30,,T26C08630,-5.01,-287,-132746.11
2026-05-18,ARKT,ARK INNOVATION ETF,ARKK,00214Q104,82.88,28695,2149255.50
2026-05-18,ARKT,GOLDMAN FS TRSY OBLIG INST 468,,X9USDGSFT,11.67,302697,302697.42
2026-05-18,ARKT,4ARKK US 9/30/26 P 86.30,,T26P08630,7.63,142,197735.00
2026-05-18,ARKT,4ARKK US 9/30/26 C 90.62,,T26C09062,1.90,185,49319.15
2026-05-18,ARKT,4ARKK US 9/30/26 C 86.30,,T26C08630,-4.08,-287,-105762.37
2026-05-19,ARKT,ARK INNOVATION ETF,ARKK,00214Q104,82.65,28695,2138064.45
2026-05-19,ARKT,GOLDMAN FS TRSY OBLIG INST 468,,X9USDGSFT,11.70,302697,302697.42
2026-05-19,ARKT,4ARKK US 9/30/26 P 86.30,,T26P08630,7.68,142,198690.66
2026-05-19,ARKT,4ARKK US 9/30/26 C 90.62,,T26C09062,1.70,185,43852.40
2026-05-19,ARKT,4ARKK US 9/30/26 C 86.30,,T26C08630,-3.72,-287,-96285.63
2026-05-20,ARKT,ARK INNOVATION ETF,ARKK,00214Q104,81.98,28695,2118838.80
2026-05-20,ARKT,GOLDMAN FS TRSY OBLIG INST 468,,X9USDGSFT,11.71,302697,302697.42
2026-05-20,ARKT,4ARKK US 9/30/26 P 86.30,,T26P08630,8.14,142,210394.30
2026-05-20,ARKT,4ARKK US 9/30/26 C 90.62,,T26C09062,1.53,185,39547.45
2026-05-20,ARKT,4ARKK US 9/30/26 C 86.30,,T26C08630,-3.36,-287,-86892.12
2026-05-21,ARKT,ARK INNOVATION ETF,ARKK,00214Q104,82.99,28695,2176228.80
2026-05-21,ARKT,GOLDMAN FS TRSY OBLIG INST 468,,X9USDGSFT,11.54,302697,302697.42
2026-05-21,ARKT,4ARKK US 9/30/26 P 86.30,,T26P08630,7.46,142,195722.86
2026-05-21,ARKT,4ARKK US 9/30/26 C 90.62,,T26C09062,1.68,185,44052.20
2026-05-21,ARKT,4ARKK US 9/30/26 C 86.30,,T26C08630,-3.68,-287,-96403.30
2026-05-22,ARKT,ARK INNOVATION ETF,ARKK,00214Q104,83.58,28695,2198610.90
2026-05-22,ARKT,GOLDMAN FS TRSY OBLIG INST 468,,X9USDGSFT,11.51,302697,302697.42
2026-05-22,ARKT,4ARKK US 9/30/26 P 86.30,,T26P08630,7.08,142,186258.56
2026-05-22,ARKT,4ARKK US 9/30/26 C 90.62,,T26C09062,1.80,185,47282.30
2026-05-22,ARKT,4ARKK US 9/30/26 C 86.30,,T26C08630,-3.97,-287,-104387.64
2026-05-26,ARKT,ARK INNOVATION ETF,ARKK,00214Q104,83.65,28695,2192298.00
2026-05-26,ARKT,GOLDMAN FS TRSY OBLIG INST 468,,X9USDGSFT,11.55,302697,302697.42
2026-05-26,ARKT,4ARKK US 9/30/26 P 86.30,,T26P08630,6.99,142,183202.72
2026-05-26,ARKT,4ARKK US 9/30/26 C 90.62,,T26C09062,1.86,185,48825.20
2026-05-26,ARKT,4ARKK US 9/30/26 C 86.30,,T26C08630,-4.05,-287,-106098.16
2026-05-27,ARKT,ARK INNOVATION ETF,ARKK,00214Q104,84.14,28695,2216114.85
2026-05-27,ARKT,GOLDMAN FS TRSY OBLIG INST 468,,X9USDGSFT,11.49,302697,302697.42
2026-05-27,ARKT,4ARKK US 9/30/26 P 86.30,,T26P08630,6.65,142,175210.96
2026-05-27,ARKT,4ARKK US 9/30/26 C 90.62,,T26C09062,1.93,185,50893.50
2026-05-27,ARKT,4ARKK US 9/30/26 C 86.30,,T26C08630,-4.22,-287,-111060.39
2026-05-28,ARKT,ARK INNOVATION ETF,ARKK,00214Q104,95.35,28695,2236775.25
2026-05-28,ARKT,4ARKK US 9/30/26 P 86.30,,T26P08630,7.35,142,172383.74
2026-05-28,ARKT,4ARKK US 9/30/26 C 90.62,,T26C09062,2.33,185,54600.90
2026-05-28,ARKT,4ARKK US 9/30/26 C 86.30,,T26C08630,-5.02,-287,-117781.93
2026-05-29,ARKT,ARK INNOVATION ETF,ARKK,00214Q104,96.29,28695,2324581.95
2026-05-29,ARKT,4ARKK US 9/30/26 P 86.30,,T26P08630,6.10,142,147337.78
2026-05-29,ARKT,4ARKK US 9/30/26 C 90.62,,T26C09062,2.84,185,68503.65
2026-05-29,ARKT,GOLDMAN FS TRSY OBLIG INST 468,,X9USDGSFT,0.84,20291,20291.46
2026-05-29,ARKT,4ARKK US 9/30/26 C 86.30,,T26C08630,-6.07,-287,-146550.81
2026-06-01,ARKT,ARK INNOVATION ETF,ARKK,00214Q104,97.02,28695,2351555.25
2026-06-01,ARKT,4ARKK US 9/30/26 P 86.30,,T26P08630,5.73,142,138796.48
2026-06-01,ARKT,4ARKK US 9/30/26 C 90.62,,T26C09062,3.23,185,78245.75
2026-06-01,ARKT,GOLDMAN FS TRSY OBLIG INST 468,,X9USDGSFT,0.84,20291,20291.46
2026-06-01,ARKT,4ARKK US 9/30/26 C 86.30,,T26C08630,-6.81,-287,-165007.78
2026-06-02,ARKT,ARK INNOVATION ETF,ARKK,00214Q104,96.61,22953,1865160.78
2026-06-02,ARKT,4ARKK US 9/30/26 P 86.30,,T26P08630,5.91,113,114017.00
2026-06-02,ARKT,4ARKK US 9/30/26 C 90.62,,T26C09062,3.24,148,62604.00
2026-06-02,ARKT,GOLDMAN FS TRSY OBLIG INST 468,,X9USDGSFT,1.05,20291,20291.46
2026-06-02,ARKT,4ARKK US 9/30/26 C 86.30,,T26C08630,-6.81,-230,-131560.00
2026-06-03,ARKT,ARK INNOVATION ETF,ARKK,00214Q104,96.51,22953,1834174.23
2026-06-03,ARKT,4ARKK US 9/30/26 P 86.30,,T26P08630,6.39,113,121398.16
2026-06-03,ARKT,4ARKK US 9/30/26 C 90.62,,T26C09062,2.90,148,55045.64
2026-06-03,ARKT,GOLDMAN FS TRSY OBLIG INST 468,,X9USDGSFT,0.29,5582,5581.76
2026-06-03,ARKT,4ARKK US 9/30/26 C 86.30,,T26C08630,-6.09,-230,-115786.60
2026-06-04,ARKT,ARK INNOVATION ETF,ARKK,00214Q104,95.43,22953,1794006.48
2026-06-04,ARKT,4ARKK US 9/30/26 P 86.30,,T26P08630,7.09,113,133291.41
2026-06-04,ARKT,4ARKK US 9/30/26 C 90.62,,T26C09062,2.47,148,46495.68
2026-06-04,ARKT,GOLDMAN FS TRSY OBLIG INST 468,,X9USDGSFT,0.30,5582,5581.76
2026-06-04,ARKT,4ARKK US 9/30/26 C 86.30,,T26C08630,-5.29,-230,-99371.50
2026-06-05,ARKT,ARK INNOVATION ETF,ARKK,00214Q104,96.40,22953,1837846.71
2026-06-05,ARKT,4ARKK US 9/30/26 P 86.30,,T26P08630,6.50,113,123924.84
2026-06-05,ARKT,4ARKK US 9/30/26 C 90.62,,T26C09062,2.81,148,53624.84
2026-06-05,ARKT,GOLDMAN FS TRSY OBLIG INST 468,,X9USDGSFT,0.29,5582,5581.76
2026-06-05,ARKT,4ARKK US 9/30/26 C 86.30,,T26C08630,-6.00,-230,-114429.60
2026-06-08,ARKT,ARK INNOVATION ETF,ARKK,00214Q104,93.28,22953,1709768.97
2026-06-08,ARKT,4ARKK US 9/30/26 P 86.30,,T26P08630,8.71,113,159649.79
2026-06-08,ARKT,4ARKK US 9/30/26 C 90.62,,T26C09062,2.01,148,36865.32
2026-06-08,ARKT,GOLDMAN FS TRSY OBLIG INST 468,,X9USDGSFT,0.30,5582,5581.76
2026-06-08,ARKT,4ARKK US 9/30/26 C 86.30,,T26C08630,-4.30,-230,-78860.10
2026-06-09,ARKT,ARK INNOVATION ETF,ARKK,00214Q104,93.90,22953,1741673.64
2026-06-09,ARKT,4ARKK US 9/30/26 P 86.30,,T26P08630,8.17,113,151461.81
2026-06-09,ARKT,4ARKK US 9/30/26 C 90.62,,T26C09062,2.10,148,39036.48
2026-06-09,ARKT,GOLDMAN FS TRSY OBLIG INST 468,,X9USDGSFT,0.30,5582,5581.76
2026-06-09,ARKT,4ARKK US 9/30/26 C 86.30,,T26C08630,-4.47,-230,-82972.50
2026-06-10,ARKT,ARK INNOVATION ETF,ARKK,00214Q104,93.32,22953,1721475.00
2026-06-10,ARKT,4ARKK US 9/30/26 P 86.30,,T26P08630,8.62,113,158985.35
2026-06-10,ARKT,4ARKK US 9/30/26 C 90.62,,T26C09062,1.96,148,36106.08
2026-06-10,ARKT,GOLDMAN FS TRSY OBLIG INST 468,,X9USDGSFT,0.28,5229,5229.09
2026-06-10,ARKT,4ARKK US 9/30/26 C 86.30,,T26C08630,-4.18,-230,-77054.60
2026-06-11,ARKT,ARK INNOVATION ETF,ARKK,00214Q104,92.17,22953,1675798.53
2026-06-11,ARKT,4ARKK US 9/30/26 P 86.30,,T26P08630,9.48,113,172326.13
2026-06-11,ARKT,4ARKK US 9/30/26 C 90.62,,T26C09062,1.69,148,30816.56
2026-06-11,ARKT,GOLDMAN FS TRSY OBLIG INST 468,,X9USDGSFT,0.29,5229,5229.09
2026-06-11,ARKT,4ARKK US 9/30/26 C 86.30,,T26C08630,-3.63,-230,-65918.00
2026-06-12,ARKT,ARK INNOVATION ETF,ARKK,00214Q104,93.54,22953,1732033.38
2026-06-12,ARKT,4ARKK US 9/30/26 P 86.30,,T26P08630,8.40,113,155604.39
2026-06-12,ARKT,4ARKK US 9/30/26 C 90.62,,T26C09062,1.85,148,34230.92
2026-06-12,ARKT,GOLDMAN FS TRSY OBLIG INST 468,,X9USDGSFT,0.28,5229,5229.09
2026-06-12,ARKT,4ARKK US 9/30/26 C 86.30,,T26C08630,-4.08,-230,-75525.10
2026-06-15,ARKT,ARK INNOVATION ETF,ARKK,00214Q104,93.73,22953,1736394.45
2026-06-15,ARKT,4ARKK US 9/30/26 P 86.30,,T26P08630,8.31,113,153859.67
2026-06-15,ARKT,4ARKK US 9/30/26 C 90.62,,T26C09062,1.99,148,36912.68
2026-06-15,ARKT,GOLDMAN FS TRSY OBLIG INST 468,,X9USDGSFT,0.28,5229,5229.09
2026-06-15,ARKT,4ARKK US 9/30/26 C 86.30,,T26C08630,-4.31,-230,-79860.60
2026-06-16,ARKT,ARK INNOVATION ETF,ARKK,00214Q104,96.18,22953,1827747.39
2026-06-16,ARKT,4ARKK US 9/30/26 P 86.30,,T26P08630,6.64,113,126233.43
2026-06-16,ARKT,4ARKK US 9/30/26 C 90.62,,T26C09062,2.76,148,52470.44
2026-06-16,ARKT,GOLDMAN FS TRSY OBLIG INST 468,,X9USDGSFT,0.28,5229,5229.09
2026-06-16,ARKT,4ARKK US 9/30/26 C 86.30,,T26C08630,-5.86,-230,-111283.20
2026-06-17,ARKT,ARK INNOVATION ETF,ARKK,00214Q104,96.00,22953,1815123.24
2026-06-17,ARKT,4ARKK US 9/30/26 P 86.30,,T26P08630,6.63,113,125417.57
2026-06-17,ARKT,4ARKK US 9/30/26 C 90.62,,T26C09062,2.68,148,50645.60
2026-06-17,ARKT,GOLDMAN FS TRSY OBLIG INST 468,,X9USDGSFT,0.28,5229,5229.09
2026-06-17,ARKT,4ARKK US 9/30/26 C 86.30,,T26C08630,-5.59,-230,-105698.80
2026-06-18,ARKT,ARK INNOVATION ETF,ARKK,00214Q104,95.55,22953,1801580.97
2026-06-18,ARKT,4ARKK US 9/30/26 P 86.30,,T26P08630,6.96,113,131137.63
2026-06-18,ARKT,4ARKK US 9/30/26 C 90.62,,T26C09062,2.47,148,46526.76
2026-06-18,ARKT,GOLDMAN FS TRSY OBLIG INST 468,,X9USDGSFT,0.28,5229,5229.09
2026-06-18,ARKT,4ARKK US 9/30/26 C 86.30,,T26C08630,-5.25,-230,-99010.40
2026-06-22,ARKT,ARK INNOVATION ETF,ARKK,00214Q104,96.70,22953,1840601.07
2026-06-22,ARKT,4ARKK US 9/30/26 P 86.30,,T26P08630,6.10,113,116115.41
2026-06-22,ARKT,4ARKK US 9/30/26 C 90.62,,T26C09062,2.70,148,51404.84
2026-06-22,ARKT,GOLDMAN FS TRSY OBLIG INST 468,,X9USDGSFT,0.27,5229,5229.09
2026-06-22,ARKT,4ARKK US 9/30/26 C 86.30,,T26C08630,-5.77,-230,-109875.60
2026-06-23,ARKT,ARK INNOVATION ETF,ARKK,00214Q104,95.81,22953,1800203.79
2026-06-23,ARKT,4ARKK US 9/30/26 P 86.30,,T26P08630,6.69,113,125706.85
2026-06-23,ARKT,4ARKK US 9/30/26 C 90.62,,T26C09062,2.36,148,44388.16
2026-06-23,ARKT,GOLDMAN FS TRSY OBLIG INST 468,,X9USDGSFT,0.28,5229,5229.09
2026-06-23,ARKT,4ARKK US 9/30/26 C 86.30,,T26C08630,-5.14,-230,-96505.70
2026-06-24,ARKT,ARK INNOVATION ETF,ARKK,00214Q104,94.53,22953,1760036.04
2026-06-24,ARKT,4ARKK US 9/30/26 P 86.30,,T26P08630,7.47,113,139057.80
2026-06-24,ARKT,4ARKK US 9/30/26 C 90.62,,T26C09062,1.89,148,35135.20
2026-06-24,ARKT,GOLDMAN FS TRSY OBLIG INST 468,,X9USDGSFT,0.28,5229,5229.09
2026-06-24,ARKT,4ARKK US 9/30/26 C 86.30,,T26C08630,-4.17,-230,-77611.20
2026-06-25,ARKT,ARK INNOVATION ETF,ARKK,00214Q104,94.61,22953,1760954.16
2026-06-25,ARKT,4ARKK US 9/30/26 P 86.30,,T26P08630,7.40,113,137811.41
2026-06-25,ARKT,4ARKK US 9/30/26 C 90.62,,T26C09062,1.84,148,34282.72
2026-06-25,ARKT,GOLDMAN FS TRSY OBLIG INST 468,,X9USDGSFT,0.28,5229,5229.09
2026-06-25,ARKT,4ARKK US 9/30/26 C 86.30,,T26C08630,-4.13,-230,-76909.70
2026-06-26,ARKT,ARK INNOVATION ETF,ARKK,00214Q104,94.48,22953,1756822.62
2026-06-26,ARKT,4ARKK US 9/30/26 P 86.30,,T26P08630,7.48,113,139011.47
2026-06-26,ARKT,4ARKK US 9/30/26 C 90.62,,T26C09062,1.80,148,33547.16
2026-06-26,ARKT,GOLDMAN FS TRSY OBLIG INST 468,,X9USDGSFT,0.28,5229,5229.09
2026-06-26,ARKT,4ARKK US 9/30/26 C 86.30,,T26C08630,-4.04,-230,-75058.20
2026-06-29,ARKT,ARK INNOVATION ETF,ARKK,00214Q104,95.29,22953,1793317.89
2026-06-29,ARKT,4ARKK US 9/30/26 P 86.30,,T26P08630,6.82,113,128431.28
2026-06-29,ARKT,4ARKK US 9/30/26 C 90.62,,T26C09062,1.90,148,35709.44
2026-06-29,ARKT,GOLDMAN FS TRSY OBLIG INST 468,,X9USDGSFT,0.28,5229,5229.09
2026-06-29,ARKT,4ARKK US 9/30/26 C 86.30,,T26C08630,-4.29,-230,-80810.50
2026-06-30,ARKT,ARK INNOVATION ETF,ARKK,00214Q104,96.69,22953,1850700.39
2026-06-30,ARKT,4ARKK US 9/30/26 P 86.30,,T26P08630,5.82,113,111485.80
2026-06-30,ARKT,4ARKK US 9/30/26 C 90.62,,T26C09062,2.26,148,43247.08
2026-06-30,ARKT,GOLDMAN FS TRSY OBLIG INST 468,,X9USDGSFT,0.27,5229,5229.09
2026-06-30,ARKT,4ARKK US 9/30/26 C 86.30,,T26C08630,-5.05,-230,-96687.40
2026-07-01,ARKT,ARK INNOVATION ETF,ARKK,00214Q104,96.94,22953,1855061.46
2026-07-01,ARKT,4ARKK US 9/30/26 P 86.30,,T26P08630,5.65,113,108190.72
2026-07-01,ARKT,4ARKK US 9/30/26 C 90.62,,T26C09062,2.33,148,44642.72
2026-07-01,ARKT,GOLDMAN FS TRSY OBLIG INST 468,,X9USDGSFT,0.27,5229,5229.09
2026-07-01,ARKT,4ARKK US 9/30/26 C 86.30,,T26C08630,-5.20,-230,-99477.30
2026-07-02,ARKT,ARK INNOVATION ETF,ARKK,00214Q104,97.65,22953,1878703.05
2026-07-02,ARKT,4ARKK US 9/30/26 P 86.30,,T26P08630,5.20,113,99958.67
2026-07-02,ARKT,4ARKK US 9/30/26 C 90.62,,T26C09062,2.52,148,48551.40
2026-07-02,ARKT,GOLDMAN FS TRSY OBLIG INST 468,,X9USDGSFT,0.27,5229,5229.09
2026-07-02,ARKT,4ARKK US 9/30/26 C 86.30,,T26C08630,-5.64,-230,-108493.30
2026-07-06,ARKT,ARK INNOVATION ETF,ARKK,00214Q104,97.49,22953,1864931.25
2026-07-06,ARKT,4ARKK US 9/30/26 P 86.30,,T26P08630,5.22,113,99832.11
2026-07-06,ARKT,4ARKK US 9/30/26 C 90.62,,T26C09062,2.44,148,46756.16
2026-07-06,ARKT,GOLDMAN FS TRSY OBLIG INST 468,,X9USDGSFT,0.27,5241,5240.88
2026-07-06,ARKT,4ARKK US 9/30/26 C 86.30,,T26C08630,-5.43,-230,-103858.80
2026-07-07,ARKT,ARK INNOVATION ETF,ARKK,00214Q104,98.58,22953,1919100.33
2026-07-07,ARKT,4ARKK US 9/30/26 P 86.30,,T26P08630,4.68,113,91158.23
2026-07-07,ARKT,4ARKK US 9/30/26 C 90.62,,T26C09062,2.99,148,58230.60
2026-07-07,ARKT,GOLDMAN FS TRSY OBLIG INST 468,,X9USDGSFT,0.27,5241,5240.88
2026-07-07,ARKT,4ARKK US 9/30/26 C 86.30,,T26C08630,-6.53,-230,-127026.70
2026-07-08,ARKT,ARK INNOVATION ETF,ARKK,00214Q104,97.34,22953,1863554.07
2026-07-08,ARKT,4ARKK US 9/30/26 P 86.30,,T26P08630,5.37,113,102753.16
2026-07-08,ARKT,4ARKK US 9/30/26 C 90.62,,T26C09062,2.48,148,47527.24
2026-07-08,ARKT,GOLDMAN FS TRSY OBLIG INST 468,,X9USDGSFT,0.27,5241,5240.88
2026-07-08,ARKT,4ARKK US 9/30/26 C 86.30,,T26C08630,-5.46,-230,-104606.30
2026-07-09,ARKT,ARK INNOVATION ETF,ARKK,00214Q104,96.65,22953,1839912.48
2026-07-09,ARKT,4ARKK US 9/30/26 P 86.30,,T26P08630,5.75,113,109530.90
2026-07-09,ARKT,4ARKK US 9/30/26 C 90.62,,T26C09062,2.16,148,41189.88
2026-07-09,ARKT,GOLDMAN FS TRSY OBLIG INST 468,,X9USDGSFT,0.28,5241,5240.88
2026-07-09,ARKT,4ARKK US 9/30/26 C 86.30,,T26C08630,-4.84,-230,-92218.50
2026-07-10,ARKT,ARK INNOVATION ETF,ARKK,00214Q104,97.39,22953,1871358.09
2026-07-10,ARKT,4ARKK US 9/30/26 P 86.30,,T26P08630,5.34,113,102599.48
2026-07-10,ARKT,4ARKK US 9/30/26 C 90.62,,T26C09062,2.42,148,46439.44
2026-07-10,ARKT,GOLDMAN FS TRSY OBLIG INST 468,,X9USDGSFT,0.26,4973,4972.86
2026-07-10,ARKT,4ARKK US 9/30/26 C 86.30,,T26C08630,-5.40,-230,-103766.80
2026-07-13,ARKT,ARK INNOVATION ETF,ARKK,00214Q104,96.69,22953,1841863.49
2026-07-13,ARKT,4ARKK US 9/30/26 P 86.30,,T26P08630,5.77,113,109909.45
2026-07-13,ARKT,4ARKK US 9/30/26 C 90.62,,T26C09062,2.23,148,42443.44
2026-07-13,ARKT,GOLDMAN FS TRSY OBLIG INST 468,,X9USDGSFT,0.26,4973,4972.86
2026-07-13,ARKT,4ARKK US 9/30/26 C 86.30,,T26C08630,-4.95,-230,-94286.20
2026-07-14,ARKT,ARK INNOVATION ETF,ARKK,00214Q104,95.64,22953,1795842.72
2026-07-14,ARKT,4ARKK US 9/30/26 P 86.30,,T26P08630,6.33,113,118940.41
2026-07-14,ARKT,4ARKK US 9/30/26 C 90.62,,T26C09062,1.71,148,32133.76
2026-07-14,ARKT,GOLDMAN FS TRSY OBLIG INST 468,,X9USDGSFT,0.26,4973,4972.86
2026-07-14,ARKT,4ARKK US 9/30/26 C 86.30,,T26C08630,-3.95,-230,-74163.50
2026-07-15,ARKT,ARK INNOVATION ETF,ARKK,00214Q104,96.20,22953,1825222.56
2026-07-15,ARKT,4ARKK US 9/30/26 P 86.30,,T26P08630,5.92,113,112379.63
2026-07-15,ARKT,4ARKK US 9/30/26 C 90.62,,T26C09062,1.82,148,34574.28
2026-07-15,ARKT,GOLDMAN FS TRSY OBLIG INST 468,,X9USDGSFT,0.26,4973,4972.86
2026-07-15,ARKT,4ARKK US 9/30/26 C 86.30,,T26C08630,-4.21,-230,-79918.10
2026-07-16,ARKT,ARK INNOVATION ETF,ARKK,00214Q104,96.42,22953,1827058.80
2026-07-16,ARKT,4ARKK US 9/30/26 P 86.30,,T26P08630,5.73,113,108629.16
2026-07-16,ARKT,4ARKK US 9/30/26 C 90.62,,T26C09062,1.78,148,33789.88
2026-07-16,ARKT,GOLDMAN FS TRSY OBLIG INST 468,,X9USDGSFT,0.26,4973,4972.86
2026-07-16,ARKT,4ARKK US 9/30/26 C 86.30,,T26C08630,-4.20,-230,-79612.20
2026-07-17,ARKT,ARK INNOVATION ETF,ARKK,00214Q104,94.64,22953,1759806.51
2026-07-17,ARKT,4ARKK US 9/30/26 P 86.30,,T26P08630,6.84,113,127135.17
2026-07-17,ARKT,4ARKK US 9/30/26 C 90.62,,T26C09062,1.25,148,23181.24
2026-07-17,ARKT,GOLDMAN FS TRSY OBLIG INST 468,,X9USDGSFT,0.27,4973,4972.86
2026-07-17,ARKT,4ARKK US 9/30/26 C 86.30,,T26C08630,-2.99,-230,-55609.40
2026-07-20,ARKT,ARK INNOVATION ETF,ARKK,00214Q104,93.46,22953,1726065.60
2026-07-20,ARKT,4ARKK US 9/30/26 P 86.30,,T26P08630,7.71,113,142473.79
2026-07-20,ARKT,4ARKK US 9/30/26 C 90.62,,T26C09062,0.99,148,18317.96
2026-07-20,ARKT,GOLDMAN FS TRSY OBLIG INST 468,,X9USDGSFT,0.27,4973,4972.86
2026-07-20,ARKT,4ARKK US 9/30/26 C 86.30,,T26C08630,-2.44,-230,-44997.20
2026-07-21,ARKT,ARK INNOVATION ETF,ARKK,00214Q104,93.24,22953,1720327.35
2026-07-21,ARKT,4ARKK US 9/30/26 P 86.30,,T26P08630,7.85,113,144837.75
2026-07-21,ARKT,4ARKK US 9/30/26 C 90.62,,T26C09062,0.93,148,17142.84
2026-07-21,ARKT,GOLDMAN FS TRSY OBLIG INST 468,,X9USDGSFT,0.27,4973,4972.86
2026-07-21,ARKT,4ARKK US 9/30/26 C 86.30,,T26C08630,-2.29,-230,-42276.30
2026-07-22,ARKT,ARK INNOVATION ETF,ARKK,00214Q104,95.02,22953,1783333.34
2026-07-22,ARKT,4ARKK US 9/30/26 P 86.30,,T26P08630,6.50,113,121916.83
2026-07-22,ARKT,4ARKK US 9/30/26 C 90.62,,T26C09062,1.19,148,22271.04
2026-07-22,ARKT,GOLDMAN FS TRSY OBLIG INST 468,,X9USDGSFT,0.26,4973,4972.86
2026-07-22,ARKT,4ARKK US 9/30/26 C 86.30,,T26C08630,-2.96,-230,-55604.80
2026-07-23,ARKT,ARK INNOVATION ETF,ARKK,00214Q104,94.06,22953,1745116.59
2026-07-23,ARKT,4ARKK US 9/30/26 P 86.30,,T26P08630,7.19,113,133341.13
2026-07-23,ARKT,4ARKK US 9/30/26 C 90.62,,T26C09062,1.02,148,19016.52
2026-07-23,ARKT,GOLDMAN FS TRSY OBLIG INST 468,,X9USDGSFT,0.27,4973,4972.86
2026-07-23,ARKT,4ARKK US 9/30/26 C 86.30,,T26C08630,-2.54,-230,-47147.70
2026-07-24,ARKT,ARK INNOVATION ETF,ARKK,00214Q104,92.56,22953,1694619.99
2026-07-24,ARKT,4ARKK US 9/30/26 P 86.30,,T26P08630,8.30,113,151884.43
2026-07-24,ARKT,4ARKK US 9/30/26 C 90.62,,T26C09062,0.73,148,13351.08
2026-07-24,ARKT,GOLDMAN FS TRSY OBLIG INST 468,,X9USDGSFT,0.27,4973,4972.86
2026-07-24,ARKT,4ARKK US 9/30/26 C 86.30,,T26C08630,-1.86,-230,-34081.40
2026-07-27,ARKT,ARK INNOVATION ETF,ARKK,00214Q104,91.22,22953,1650091.17
2026-07-27,ARKT,4ARKK US 9/30/26 P 86.30,,T26P08630,9.40,113,170032.23
2026-07-27,ARKT,4ARKK US 9/30/26 C 90.62,,T26C09062,0.60,148,10769.96
2026-07-27,ARKT,GOLDMAN FS TRSY OBLIG INST 468,,X9USDGSFT,0.27,4973,4972.86
2026-07-27,ARKT,4ARKK US 9/30/26 C 86.30,,T26C08630,-1.49,-230,-26887.00
2026-07-28,ARKT,ARK INNOVATION ETF,ARKK,00214Q104,91.65,22953,1664781.09
2026-07-28,ARKT,4ARKK US 9/30/26 P 86.30,,T26P08630,8.97,113,162995.72
2026-07-28,ARKT,4ARKK US 9/30/26 C 90.62,,T26C09062,0.56,148,10188.32
2026-07-28,ARKT,GOLDMAN FS TRSY OBLIG INST 468,,X9USDGSFT,0.27,4973,4972.86
2026-07-28,ARKT,4ARKK US 9/30/26 C 86.30,,T26C08630,-1.46,-230,-26436.20
2026-07-29,ARKT,ARK INNOVATION ETF,ARKK,00214Q104,91.55,22953,1662944.85
2026-07-29,ARKT,4ARKK US 9/30/26 P 86.30,,T26P08630,9.03,113,164108.77
2026-07-29,ARKT,4ARKK US 9/30/26 C 90.62,,T26C09062,0.48,148,8726.08
2026-07-29,ARKT,GOLDMAN FS TRSY OBLIG INST 468,,X9USDGSFT,0.27,4973,4972.86
2026-07-29,ARKT,4ARKK US 9/30/26 C 86.30,,T26C08630,-1.34,-230,-24271.90
2026-07-30,ARKT,ARK INNOVATION ETF,ARKK,00214Q104,90.22,22953,1620022.74
2026-07-30,ARKT,4ARKK US 9/30/26 P 86.30,,T26P08630,10.17,113,182648.68
2026-07-30,ARKT,4ARKK US 9/30/26 C 90.62,,T26C09062,0.47,148,8403.44
2026-07-30,ARKT,GOLDMAN FS TRSY OBLIG INST 468,,X9USDGSFT,0.28,4973,4972.86
2026-07-30,ARKT,4ARKK US 9/30/26 C 86.30,,T26C08630,-1.14,-230,-20506.80
2026-07-31,ARKT,ARK INNOVATION ETF,ARKK,00214Q104,91.73,22953,1673273.70
2026-07-31,ARKT,4ARKK US 9/30/26 P 86.30,,T26P08630,8.83,113,161049.86
2026-07-31,ARKT,4ARKK US 9/30/26 C 90.62,,T26C09062,0.50,148,9152.32
2026-07-31,ARKT,GOLDMAN FS TRSY OBLIG INST 468,,X9USDGSFT,0.27,4973,4972.86
2026-07-31,ARKT,4ARKK US 9/30/26 C 86.30,,T26C08630,-1.33,-230,-24343.20
2026-08-03,ARKT,ARK INNOVATION ETF,ARKK,00214Q104,90.52,22953,1635171.72
2026-08-03,ARKT,4ARKK US 9/30/26 P 86.30,,T26P08630,9.81,113,177273.27
2026-08-03,ARKT,4ARKK US 9/30/26 C 90.62,,T26C09062,0.44,148,7919.48
2026-08-03,ARKT,GOLDMAN FS TRSY OBLIG INST 468,,X9USDGSFT,0.28,4973,4972.86
2026-08-03,ARKT,4ARKK US 9/30/26 C 86.30,,T26C08630,-1.05,-230,-19011.80
2026-08-04,ARKT,ARK INNOVATION ETF,ARKK,00214Q104,92.08,22953,1687963.62
2026-08-04,ARKT,4ARKK US 9/30/26 P 86.30,,T26P08630,8.49,113,155630.38
2026-08-04,ARKT,4ARKK US 9/30/26 C 90.62,,T26C09062,0.44,148,8015.68
2026-08-04,ARKT,GOLDMAN FS TRSY OBLIG INST 468,,X9USDGSFT,0.27,4973,4972.86
2026-08-04,ARKT,4ARKK US 9/30/26 C 86.30,,T26C08630,-1.28,-230,-23414.00
2026-08-05,ARKT,ARK INNOVATION ETF,ARKK,00214Q104,94.28,22953,1761872.28
2026-08-05,ARKT,4ARKK US 9/30/26 P 86.30,,T26P08630,6.76,113,126366.77
2026-08-05,ARKT,4ARKK US 9/30/26 C 90.62,,T26C09062,0.76,148,14261.28
2026-08-05,ARKT,GOLDMAN FS TRSY OBLIG INST 468,,X9USDGSFT,0.27,4983,4983.46
2026-08-05,ARKT,4ARKK US 9/30/26 C 86.30,,T26C08630,-2.08,-230,-38794.10
2026-08-06,ARKT,ARK INNOVATION ETF,ARKK,00214Q104,94.02,22953,1748559.54
2026-08-06,ARKT,4ARKK US 9/30/26 P 86.30,,T26P08630,6.91,113,128486.65
2026-08-06,ARKT,4ARKK US 9/30/26 C 90.62,,T26C09062,0.69,148,12864.16
2026-08-06,ARKT,GOLDMAN FS TRSY OBLIG INST 468,,X9USDGSFT,0.27,4983,4983.46
2026-08-06,ARKT,4ARKK US 9/30/26 C 86.30,,T26C08630,-1.89,-230,-35208.40
2026-08-07,ARKT,ARK INNOVATION ETF,ARKK,00214Q104,93.72,22953,1738230.69
2026-08-07,ARKT,4ARKK US 9/30/26 P 86.30,,T26P08630,7.10,113,131736.53
2026-08-07,ARKT,4ARKK US 9/30/26 C 90.62,,T26C09062,0.60,148,11135.52
2026-08-07,ARKT,GOLDMAN FS TRSY OBLIG INST 468,,X9USDGSFT,0.27,4983,4983.46
2026-08-07,ARKT,4ARKK US 9/30/26 C 86.30,,T26C08630,-1.70,-230,-31454.80
2026-08-10,ARKT,ARK INNOVATION ETF,ARKK,00214Q104,96.11,22953,1823156.79
2026-08-10,ARKT,4ARKK US 9/30/26 P 86.30,,T26P08630,5.32,113,100955.33
2026-08-10,ARKT,4ARKK US 9/30/26 C 90.62,,T26C09062,0.97,148,18400.84
2026-08-10,ARKT,GOLDMAN FS TRSY OBLIG INST 468,,X9USDGSFT,0.25,4711,4710.80
2026-08-10,ARKT,4ARKK US 9/30/26 C 86.30,,T26C08630,-2.65,-230,-50248.10
2026-08-11,ARKT,ARK INNOVATION ETF,ARKK,00214Q104,96.77,22953,1846339.32
2026-08-11,ARKT,4ARKK US 9/30/26 P 86.30,,T26P08630,4.76,113,90726.57
2026-08-11,ARKT,4ARKK US 9/30/26 C 90.62,,T26C09062,1.03,148,19685.48
2026-08-11,ARKT,GOLDMAN FS TRSY OBLIG INST 468,,X9USDGSFT,0.25,4711,4710.80
2026-08-11,ARKT,4ARKK US 9/30/26 C 86.30,,T26C08630,-2.80,-230,-53470.40
2026-08-12,ARKT,ARK INNOVATION ETF,ARKK,00214Q104,96.93,22953,1850011.80
2026-08-12,ARKT,4ARKK US 9/30/26 P 86.30,,T26P08630,4.58,113,87394.20
2026-08-12,ARKT,4ARKK US 9/30/26 C 90.62,,T26C09062,0.98,148,18622.84
2026-08-12,ARKT,GOLDMAN FS TRSY OBLIG INST 468,,X9USDGSFT,0.25,4711,4710.80
2026-08-12,ARKT,4ARKK US 9/30/26 C 86.30,,T26C08630,-2.73,-230,-52046.70
2026-08-13,ARKT,ARK INNOVATION ETF,ARKK,00214Q104,97.42,22953,1867685.61
2026-08-13,ARKT,4ARKK US 9/30/26 P 86.30,,T26P08630,4.17,113,79876.31
2026-08-13,ARKT,4ARKK US 9/30/26 C 90.62,,T26C09062,1.00,148,19228.16
2026-08-13,ARKT,GOLDMAN FS TRSY OBLIG INST 468,,X9USDGSFT,0.25,4711,4710.80
2026-08-13,ARKT,4ARKK US 9/30/26 C 86.30,,T26C08630,-2.84,-230,-54399.60
2026-08-14,ARKT,ARK INNOVATION ETF,ARKK,00214Q104,98.17,22953,1895688.27
2026-08-14,ARKT,4ARKK US 9/30/26 P 86.30,,T26P08630,3.65,113,70430.64
2026-08-14,ARKT,4ARKK US 9/30/26 C 90.62,,T26C09062,1.08,148,20853.20
2026-08-14,ARKT,GOLDMAN FS TRSY OBLIG INST 468,,X9USDGSFT,0.24,4711,4710.80
2026-08-14,ARKT,4ARKK US 9/30/26 C 86.30,,T26C08630,-3.14,-230,-60662.50
2026-08-17,ARKT,ARK INNOVATION ETF,ARKK,00214Q104,97.30,22953,1861488.30
2026-08-17,ARKT,4ARKK US 9/30/26 P 86.30,,T26P08630,4.06,113,77759.82
2026-08-17,ARKT,4ARKK US 9/30/26 C 90.62,,T26C09062,0.90,148,17209.44
2026-08-17,ARKT,GOLDMAN FS TRSY OBLIG INST 468,,X9USDGSFT,0.25,4711,4710.80
2026-08-17,ARKT,4ARKK US 9/30/26 C 86.30,,T26C08630,-2.51,-230,-48079.20
2026-08-18,ARKT,ARK INNOVATION ETF,ARKK,00214Q104,97.66,22953,1876407.75
2026-08-18,ARKT,4ARKK US 9/30/26 P 86.30,,T26P08630,3.84,113,73767.53
2026-08-18,ARKT,4ARKK US 9/30/26 C 90.62,,T26C09062,0.86,148,16504.96
2026-08-18,ARKT,GOLDMAN FS TRSY OBLIG INST 468,,X9USDGSFT,0.25,4711,4710.80
2026-08-18,ARKT,4ARKK US 9/30/26 C 86.30,,T26C08630,-2.60,-230,-49944.50
2026-08-19,ARKT,ARK INNOVATION ETF,ARKK,00214Q104,95.97,22953,1816729.95
2026-08-19,ARKT,4ARKK US 9/30/26 P 86.30,,T26P08630,4.93,113,93351.56
2026-08-19,ARKT,4ARKK US 9/30/26 C 90.62,,T26C09062,0.56,148,10549.44
2026-08-19,ARKT,GOLDMAN FS TRSY OBLIG INST 468,,X9USDGSFT,0.25,4711,4710.80
2026-08-19,ARKT,4ARKK US 9/30/26 C 86.30,,T26C08630,-1.71,-230,-32411.60
2026-08-20,ARKT,ARK INNOVATION ETF,ARKK,00214Q104,98.64,22953,1912214.43
2026-08-20,ARKT,4ARKK US 9/30/26 P 86.30,,T26P08630,3.26,113,63237.06
2026-08-20,ARKT,4ARKK US 9/30/26 C 90.62,,T26C09062,1.14,148,22097.88
2026-08-20,ARKT,GOLDMAN FS TRSY OBLIG INST 468,,X9USDGSFT,0.24,4711,4710.80
2026-08-20,ARKT,4ARKK US 9/30/26 C 86.30,,T26C08630,-3.29,-230,-63684.70
2026-08-21,ARKT,ARK INNOVATION ETF,ARKK,00214Q104,98.65,22953,1911296.31
2026-08-21,ARKT,4ARKK US 9/30/26 P 86.30,,T26P08630,3.24,113,62866.42
2026-08-21,ARKT,4ARKK US 9/30/26 C 90.62,,T26C09062,1.11,148,21593.20
2026-08-21,ARKT,GOLDMAN FS TRSY OBLIG INST 468,,X9USDGSFT,0.24,4711,4710.80
2026-08-21,ARKT,4ARKK US 9/30/26 C 86.30,,T26C08630,-3.25,-230,-63036.10
2026-08-24,ARKT,ARK INNOVATION ETF,ARKK,00214Q104,100.47,22953,1978778.13
2026-08-24,ARKT,4ARKK US 9/30/26 P 86.30,,T26P08630,2.32,113,45685.90
2026-08-24,ARKT,4ARKK US 9/30/26 C 90.62,,T26C09062,1.77,148,34824.40
2026-08-24,ARKT,GOLDMAN FS TRSY OBLIG INST 468,,X9USDGSFT,0.24,4711,4710.80
2026-08-24,ARKT,4ARKK US 9/30/26 C 86.30,,T26C08630,-4.80,-230,-94458.70
2026-08-25,ARKT,ARK INNOVATION ETF,ARKK,00214Q104,99.08,22953,1926215.76
2026-08-25,ARKT,4ARKK US 9/30/26 P 86.30,,T26P08630,2.95,113,57426.60
2026-08-25,ARKT,4ARKK US 9/30/26 C 90.62,,T26C09062,1.22,148,23700.72
2026-08-25,ARKT,GOLDMAN FS TRSY OBLIG INST 468,,X9USDGSFT,0.24,4711,4710.80
2026-08-25,ARKT,4ARKK US 9/30/26 C 86.30,,T26C08630,-3.49,-230,-67854.60
2026-08-26,ARKT,ARK INNOVATION ETF,ARKK,00214Q104,100.59,22953,1982450.61
2026-08-26,ARKT,4ARKK US 9/30/26 P 86.30,,T26P08630,2.21,113,43490.31
2026-08-26,ARKT,4ARKK US 9/30/26 C 90.62,,T26C09062,1.74,148,34213.16
2026-08-26,ARKT,GOLDMAN FS TRSY OBLIG INST 468,,X9USDGSFT,0.24,4711,4710.80
2026-08-26,ARKT,4ARKK US 9/30/26 C 86.30,,T26C08630,-4.77,-230,-94026.30
2026-08-27,ARKT,ARK INNOVATION ETF,ARKK,00214Q104,100.20,22953,1968908.34
2026-08-27,ARKT,4ARKK US 9/30/26 P 86.30,,T26P08630,2.31,113,45448.60
2026-08-27,ARKT,4ARKK US 9/30/26 C 90.62,,T26C09062,1.48,148,28996.16
2026-08-27,ARKT,GOLDMAN FS TRSY OBLIG INST 468,,X9USDGSFT,0.24,4711,4710.80
2026-08-27,ARKT,4ARKK US 9/30/26 C 86.30,,T26C08630,-4.23,-230,-83142.70
2026-08-28,ARKT,ARK INNOVATION ETF,ARKK,00214Q104,101.23,22953,2005633.14
2026-08-28,ARKT,4ARKK US 9/30/26 C 90.62,,T26C09062,1.84,148,36394.68
2026-08-28,ARKT,4ARKK US 9/30/26 P 86.30,,T26P08630,1.82,113,36109.15
2026-08-28,ARKT,GOLDMAN FS TRSY OBLIG INST 468,,X9USDGSFT,0.24,4711,4710.80
2026-08-28,ARKT,4ARKK US 9/30/26 C 86.30,,T26C08630,-5.13,-230,-101609.40
2026-08-31,ARKT,ARK INNOVATION ETF,ARKK,00214Q104,99.47,22953,1941594.27
2026-08-31,ARKT,4ARKK US 9/30/26 P 86.30,,T26P08630,2.58,113,50447.72
2026-08-31,ARKT,4ARKK US 9/30/26 C 90.62,,T26C09062,1.14,148,22346.52
2026-08-31,ARKT,GOLDMAN FS TRSY OBLIG INST 468,,X9USDGSFT,0.24,4711,4710.80
2026-08-31,ARKT,4ARKK US 9/30/26 C 86.30,,T26C08630,-3.44,-230,-67148.50
2026-09-01,ARKT,ARK INNOVATION ETF,ARKK,00214Q104,100.00,22953,1964088.21
2026-09-01,ARKT,4ARKK US 9/30/26 P 86.30,,T26P08630,2.24,113,43912.93
2026-09-01,ARKT,4ARKK US 9/30/26 C 90.62,,T26C09062,1.13,148,22151.16
2026-09-01,ARKT,GOLDMAN FS TRSY OBLIG INST 468,,X9USDGSFT,0.24,4711,4710.80
2026-09-01,ARKT,4ARKK US 9/30/26 C 86.30,,T26C08630,-3.60,-230,-70796.30
2026-09-02,ARKT,ARK INNOVATION ETF,ARKK,00214Q104,98.53,22953,1906935.24
2026-09-02,ARKT,4ARKK US 9/30/26 P 86.30,,T26P08630,2.95,113,57052.57
2026-09-02,ARKT,4ARKK US 9/30/26 C 90.62,,T26C09062,0.72,148,13940.12
2026-09-02,ARKT,GOLDMAN FS TRSY OBLIG INST 468,,X9USDGSFT,0.24,4711,4710.80
2026-09-02,ARKT,4ARKK US 9/30/26 C 86.30,,T26C08630,-2.45,-230,-47350.10
2026-09-03,ARKT,ARK INNOVATION ETF,ARKK,00214Q104,98.70,22953,1914050.67
2026-09-03,ARKT,4ARKK US 9/30/26 P 86.30,,T26P08630,2.77,113,53756.36
2026-09-03,ARKT,4ARKK US 9/30/26 C 90.62,,T26C09062,0.65,148,12683.60
2026-09-03,ARKT,GOLDMAN FS TRSY OBLIG INST 468,,X9USDGSFT,0.24,4721,4720.83
2026-09-03,ARKT,4ARKK US 9/30/26 C 86.30,,T26C08630,-2.37,-230,-45921.80
2026-09-04,ARKT,ARK INNOVATION ETF,ARKK,00214Q104,101.05,22953,2000124.42
2026-09-04,ARKT,4ARKK US 9/30/26 P 86.30,,T26P08630,1.63,113,32261.50
2026-09-04,ARKT,4ARKK US 9/30/26 C 90.62,,T26C09062,1.36,148,26878.28
2026-09-04,ARKT,GOLDMAN FS TRSY OBLIG INST 468,,X9USDGSFT,0.24,4721,4720.83
2026-09-04,ARKT,4ARKK US 9/30/26 C 86.30,,T26C08630,-4.27,-230,-84564.10
2026-09-08,ARKT,ARK INNOVATION ETF,ARKK,00214Q104,100.55,22953,1979007.66
2026-09-08,ARKT,4ARKK US 9/30/26 P 86.30,,T26P08630,1.80,113,35478.61
2026-09-08,ARKT,4ARKK US 9/30/26 C 90.62,,T26C09062,1.11,148,21906.96
2026-09-08,ARKT,GOLDMAN FS TRSY OBLIG INST 468,,X9USDGSFT,0.24,4721,4720.83
2026-09-08,ARKT,4ARKK US 9/30/26 C 86.30,,T26C08630,-3.71,-230,-72997.40
2026-09-09,ARKT,ARK INNOVATION ETF,ARKK,00214Q104,100.42,22953,1975794.24
2026-09-09,ARKT,4ARKK US 9/30/26 P 86.30,,T26P08630,1.78,113,34949.77
2026-09-09,ARKT,4ARKK US 9/30/26 C 90.62,,T26C09062,1.03,148,20276.00
2026-09-09,ARKT,GOLDMAN FS TRSY OBLIG INST 468,,X9USDGSFT,0.24,4721,4720.83
2026-09-09,ARKT,4ARKK US 9/30/26 C 86.30,,T26C08630,-3.47,-230,-68224.90
2026-09-10,ARKT,ARK INNOVATION ETF,ARKK,00214Q104,99.41,22953,1940905.68
2026-09-10,ARKT,4ARKK US 9/30/26 P 86.30,,T26P08630,2.24,113,43645.12
2026-09-10,ARKT,4ARKK US 9/30/26 C 90.62,,T26C09062,0.68,148,13293.36
2026-09-10,ARKT,GOLDMAN FS TRSY OBLIG INST 468,,X9USDGSFT,0.24,4721,4720.83
2026-09-10,ARKT,4ARKK US 9/30/26 C 86.30,,T26C08630,-2.57,-230,-50183.70
2026-09-11,ARKT,ARK INNOVATION ETF,ARKK,00214Q104,98.46,22953,1906476.18
2026-09-11,ARKT,4ARKK US 9/30/26 P 86.30,,T26P08630,2.73,113,52768.74
2026-09-11,ARKT,4ARKK US 9/30/26 C 90.62,,T26C09062,0.43,148,8406.40
2026-09-11,ARKT,GOLDMAN FS TRSY OBLIG INST 468,,X9USDGSFT,0.23,4460,4460.35
2026-09-11,ARKT,4ARKK US 9/30/26 C 86.30,,T26C08630,-1.85,-230,-35831.70
2026-09-14,ARKT,ARK INNOVATION ETF,ARKK,00214Q104,98.82,22953,1918411.74
2026-09-14,ARKT,4ARKK US 9/30/26 P 86.30,,T26P08630,2.39,113,46346.95
2026-09-14,ARKT,4ARKK US 9/30/26 C 90.62,,T26C09062,0.39,148,7512.48
2026-09-14,ARKT,GOLDMAN FS TRSY OBLIG INST 468,,X9USDGSFT,0.23,4460,4460.35
2026-09-14,ARKT,4ARKK US 9/30/26 C 86.30,,T26C08630,-1.82,-230,-35378.60
2026-09-15,ARKT,ARK INNOVATION ETF,ARKK,00214Q104,99.51,22953,1944578.16
2026-09-15,ARKT,4ARKK US 9/30/26 P 86.30,,T26P08630,1.93,113,37714.88
2026-09-15,ARKT,4ARKK US 9/30/26 C 90.62,,T26C09062,0.48,148,9477.92
2026-09-15,ARKT,GOLDMAN FS TRSY OBLIG INST 468,,X9USDGSFT,0.23,4460,4460.35
2026-09-15,ARKT,4ARKK US 9/30/26 C 86.30,,T26C08630,-2.15,-230,-42007.20
2026-09-16,ARKT,ARK INNOVATION ETF,ARKK,00214Q104,98.67,22953,1916345.97
2026-09-16,ARKT,4ARKK US 9/30/26 P 86.30,,T26P08630,2.33,113,45209.04
2026-09-16,ARKT,4ARKK US 9/30/26 C 90.62,,T26C09062,0.31,148,5998.44
2026-09-16,ARKT,GOLDMAN FS TRSY OBLIG INST 468,,X9USDGSFT,0.23,4460,4460.35
2026-09-16,ARKT,4ARKK US 9/30/26 C 86.30,,T26C08630,-1.54,-230,-29821.80
2026-09-17,ARKT,ARK INNOVATION ETF,ARKK,00214Q104,98.38,22953,1909230.54
2026-09-17,ARKT,4ARKK US 9/30/26 P 86.30,,T26P08630,2.44,113,47316.49
2026-09-17,ARKT,4ARKK US 9/30/26 C 90.62,,T26C09062,0.26,148,5020.16
2026-09-17,ARKT,GOLDMAN FS TRSY OBLIG INST 468,,X9USDGSFT,0.23,4460,4460.35
2026-09-17,ARKT,4ARKK US 9/30/26 C 86.30,,T26C08630,-1.31,-230,-25421.90
2026-09-18,ARKT,ARK INNOVATION ETF,ARKK,00214Q104,101.02,22953,1995074.76
2026-09-18,ARKT,4ARKK US 9/30/26 P 86.30,,T26P08630,1.05,113,20663.18
2026-09-18,ARKT,4ARKK US 9/30/26 C 90.62,,T26C09062,0.57,148,11342.72
2026-09-18,ARKT,GOLDMAN FS TRSY OBLIG INST 468,,X9USDGSFT,0.23,4460,4460.35
2026-09-18,ARKT,4ARKK US 9/30/26 C 86.30,,T26C08630,-2.87,-230,-56642.10
2026-09-21,ARKT,ARK INNOVATION ETF,ARKK,00214Q104,102.03,22953,2025143.19
2026-09-21,ARKT,4ARKK US 9/30/26 C 90.62,,T26C09062,0.76,148,15067.88
2026-09-21,ARKT,4ARKK US 9/30/26 P 86.30,,T26P08630,0.67,113,13271.85
2026-09-21,ARKT,GOLDMAN FS TRSY OBLIG INST 468,,X9USDGSFT,0.22,4460,4460.35
2026-09-21,ARKT,4ARKK US 9/30/26 C 86.30,,T26C08630,-3.68,-230,-73114.70
2026-09-22,ARKT,ARK INNOVATION ETF,ARKK,00214Q104,103.82,22953,2082296.16
2026-09-22,ARKT,4ARKK US 9/30/26 C 90.62,,T26C09062,1.48,148,29708.04
2026-09-22,ARKT,4ARKK US 9/30/26 P 86.30,,T26P08630,0.27,113,5495.19
2026-09-22,ARKT,GOLDMAN FS TRSY OBLIG INST 468,,X9USDGSFT,0.22,4460,4460.35
2026-09-22,ARKT,4ARKK US 9/30/26 C 86.30,,T26C08630,-5.80,-230,-116352.40
2026-09-23,ARKT,ARK INNOVATION ETF,ARKK,00214Q104,104.37,22953,2102724.33
2026-09-23,ARKT,4ARKK US 9/30/26 C 90.62,,T26C09062,1.79,148,36117.92
2026-09-23,ARKT,GOLDMAN FS TRSY OBLIG INST 468,,X9USDGSFT,0.22,4460,4460.35
2026-09-23,ARKT,4ARKK US 9/30/26 P 86.30,,T26P08630,0.19,113,3778.72
2026-09-23,ARKT,4ARKK US 9/30/26 C 86.30,,T26C08630,-6.57,-230,-132355.80
2026-09-24,ARKT,ARK INNOVATION ETF,ARKK,00214Q104,103.11,22953,2060490.81
2026-09-24,ARKT,4ARKK US 9/30/26 C 90.62,,T26C09062,1.01,148,20119.12
2026-09-24,ARKT,4ARKK US 9/30/26 P 86.30,,T26P08630,0.31,113,6215.00
2026-09-24,ARKT,GOLDMAN FS TRSY OBLIG INST 468,,X9USDGSFT,0.22,4460,4460.35
2026-09-24,ARKT,4ARKK US 9/30/26 C 86.30,,T26C08630,-4.65,-230,-92940.70
2026-09-25,ARKT,ARK INNOVATION ETF,ARKK,00214Q104,104.44,22953,2104790.10
2026-09-25,ARKT,4ARKK US 9/30/26 C 90.62,,T26C09062,1.62,148,32685.80
2026-09-25,ARKT,GOLDMAN FS TRSY OBLIG INST 468,,X9USDGSFT,0.22,4460,4460.35
2026-09-25,ARKT,4ARKK US 9/30/26 P 86.30,,T26P08630,0.12,113,2498.43
2026-09-25,ARKT,4ARKK US 9/30/26 C 86.30,,T26C08630,-6.40,-230,-129041.50
2026-09-28,ARKT,ARK INNOVATION ETF,ARKK,00214Q104,103.94,22953,2083443.81
2026-09-28,ARKT,4ARKK US 9/30/26 C 90.62,,T26C09062,1.18,148,23672.60
2026-09-28,ARKT,GOLDMAN FS TRSY OBLIG INST 468,,X9USDGSFT,0.22,4460,4460.35
2026-09-28,ARKT,4ARKK US 9/30/26 P 86.30,,T26P08630,0.18,113,3532.38
2026-09-28,ARKT,4ARKK US 9/30/26 C 86.30,,T26C08630,-5.52,-230,-110623.10
2026-09-29,ARKT,ARK INNOVATION ETF,ARKK,00214Q104,102.90,22953,2048555.25
2026-09-29,ARKT,4ARKK US 9/30/26 C 90.62,,T26C09062,0.37,148,7334.88
2026-09-29,ARKT,GOLDMAN FS TRSY OBLIG INST 468,,X9USDGSFT,0.22,4460,4460.35
2026-09-29,ARKT,4ARKK US 9/30/26 P 86.30,,T26P08630,0.12,113,2333.45
2026-09-29,ARKT,4ARKK US 9/30/26 C 86.30,,T26C08630,-3.61,-230,-71808.30
2026-09-30,ARKT,ARK INNOVATION ETF,ARKK,00214Q104,99.78,22953,2053145.85
2026-09-30,ARKT,GOLDMAN FS TRSY OBLIG INST 468,,X9USDGSFT,0.22,4460,4460.35
2026-10-01,ARKT,ARK INNOVATION ETF,ARKK,00214Q104,99.89,22129,1971693.90
2026-10-01,ARKT,4ARKK US 09/30/27 C93.56,,T27C09356,8.97,143,177034.00
2026-10-01,ARKT,4ARKK US 09/30/27 P89.1,,T27P08910,6.83,110,134860.00
2026-10-01,ARKT,GOLDMAN FS TRSY OBLIG INST 468,,X9USDGSFT,0.23,4460,4460.35
2026-10-01,ARKT,4ARKK US 09/30/27 C89.1,,T27C08910,-15.91,-222,-314130.00
2026-10-02,ARKT,ARK INNOVATION ETF,ARKK,00214Q104,98.75,22129,1960186.82
2026-10-02,ARKT,4ARKK US 09/30/27 C93.56,,T27C09356,8.59,143,170493.18
2026-10-02,ARKT,4ARKK US 09/30/27 P89.1,,T27P08910,6.75,110,134005.30
2026-10-02,ARKT,GOLDMAN FS TRSY OBLIG INST 468,,X9USDGSFT,1.37,27143,27142.64
2026-10-02,ARKT,4ARKK US 09/30/27 C89.1,,T27C08910,-15.46,-222,-306863.94
2026-10-05,ARKT,ARK INNOVATION ETF,ARKK,00214Q104,99.53,22129,1987848.07
2026-10-05,ARKT,4ARKK US 09/30/27 C93.56,,T27C09356,9.11,143,182013.26
2026-10-05,ARKT,4ARKK US 09/30/27 P89.1,,T27P08910,6.38,110,127428.40
2026-10-05,ARKT,GOLDMAN FS TRSY OBLIG INST 468,,X9USDGSFT,1.36,27152,27152.17
2026-10-05,ARKT,4ARKK US 09/30/27 C89.1,,T27C08910,-16.38,-222,-327192.48
